 lv,char dmg,char hp,char def,type1 def%,type2 def%,mon dmg,mon hp,mon  def,mon def1,mon def2,,char hp/dmg,mon hp/dmg
1,24,240,30,5.0450,5.021,40,30,26,5.029982241,5.013857354,,6,1.25
2,62,636,68,5.1014,5.047,118.4915531,80.65762208,47.30720568,5.05452613,5.025210703,,5.364834781,1.306776939
3,114,1204,112,5.1672,5.077,270.2700507,170.7254274,73.52197738,5.084690012,5.039175464,,4.455361371,1.498866855
4,181,1958,161,5.2409,5.112,505.0293013,302.3948891,103.5372586,5.11918222,5.055159988,,3.87604152,1.67031608
5,264,2905,216,5.3218,5.149,830.3282983,477.2717652,136.737506,5.157278964,5.072834696,,3.499040492,1.811156696
6,362,4056,275,5.4092,5.190,1252.474299,696.6374175,172.7184559,5.198500866,5.091982695,,3.238110419,1.926294877
7,476,5415,338,5.5027,5.234,1776.934163,961.5642203,211.1894846,5.24250019,5.112447717,,3.047552151,2.02140647
8,606,6990,405,5.6019,5.280,2408.564458,1272.977668,251.9292578,5.289009598,5.134110471,,2.902304487,2.101037373
9,752,8786,476,5.7063,5.329,3151.754913,1631.693917,294.7622882,5.337815043,5.156876138,,2.787774081,2.168596038
10,915,10808,551,5.8158,5.381,4010.52463,2038.444324,339.5452361,5.388739921,5.180667068,,2.694972225,2.226614306
11,1095,13061,629,5.9300,5.434,4988.590121,2493.892414,386.1583048,5.441635109,5.205418188,,2.618088999,2.276986438
12,1292,15548,711,6.0487,5.491,6089.41539,2998.64613,434.499532,5.49637235,5.231073956,,2.553213167,2.3211475
13,1505,18273,796,6.1718,5.549,7316.249994,3553.26698,484.4808367,5.552839674,5.257586251,,2.497619505,2.360199886
14,1736,21241,884,6.2989,5.609,8672.158719,4158.277056,536.0251856,5.610938109,5.284912861,,2.449352688,2.395002186
15,1984,24455,975,6.4300,5.672,10160.04521,4814.164549,589.0645031,5.670579252,5.313016367,,2.406974007,2.426231913
16,2250,27918,1069,6.5648,5.737,11782.67116,5521.388152,643.5380917,5.731683438,5.341863302,,2.369401517,2.454430244
17,2532,31633,1166,6.7032,5.803,13542.67202,6280.380652,699.3914139,5.794178321,5.371423498,,2.3358059,2.480034345
18,2833,35603,1266,6.8451,5.871,15442.57026,7091.55188,756.5751364,5.857997763,5.401669573,,2.305540718,2.503401034
19,3151,39832,1369,6.9903,5.942,17484.78638,7955.291185,815.0443682,5.923080943,5.432576531,,2.278094521,2.524824332
20,3487,44321,1474,7.1387,6.014,19671.64842,8871.969514,874.7580445,5.989371643,5.464121426,,2.253057253,2.544548644
21,3840,49074,1582,7.2901,6.087,22005.4001,9841.941186,935.6784235,6.056817661,5.496283097,,2.230096202,2.56277877
22,4212,54093,1693,7.4445,6.163,24488.20788,10865.54542,997.7706704,6.125370319,5.529041944,,2.208938498,2.579687609
23,4602,59380,1807,7.6017,6.240,27122.16709,11943.10765,1061.00251,6.194984063,5.562379743,,2.189358156,2.59542213
24,5009,64938,1923,7.7616,6.319,29909.3074,13074.94067,1125.343934,6.265616119,5.596279489,,2.17116635,2.61010806
25,5435,70769,2041,7.9241,6.399,32851.59756,14261.34566,1190.766953,6.3372262,5.630725264,,2.154204023,2.623853593
26,5879,76875,2162,8.0891,6.481,35950.94967,15502.61308,1257.245388,6.40977626,5.665702122,,2.138336186,2.636752346
27,6342,83259,2286,8.2565,6.565,39209.22303,16799.02341,1324.754679,6.48323028,5.701195995,,2.123447495,2.648885745
28,6823,89922,2411,8.4263,6.650,42628.22748,18150.84794,1393.27174,6.557554079,5.737193605,,2.109438764,2.660324945
29,7322,96866,2539,8.5983,6.736,46209.72651,19558.34931,1462.774809,6.632715156,5.77368239,,2.0962242,2.671132414
30,7840,104094,2670,8.7724,6.824,49955.44006,21021.78215,1533.243338,6.708682546,5.810650444,,2.083729192,2.681363217
31,8376,111607,2803,8.9485,6.913,53867.04702,22541.39353,1604.65788,6.785426695,5.848086456,,2.071888521,2.691066091
32,8931,119407,2938,9.1266,7.004,57946.18751,24117.42349,1677,6.862919351,5.885979663,,2.06064491,2.700284334
33,9505,127495,3075,9.3067,7.096,62194.46506,25750.10538,1750.252191,6.941133465,5.924319804,,2.049947834,2.709056543
34,10098,135875,3214,9.4885,7.190,66613.44846,27439.66633,1824.397801,7.020043105,5.96309708,,2.039752539,2.717417242
35,10709,144547,3356,9.6720,7.284,71204.67354,29186.32753,1899.420965,7.099623373,6.00230212,,2.030019225,2.725397407
36,11339,153513,3500,9.8573,7.380,75969.64486,30990.30459,1975.30655,7.179850341,6.04192595,,2.020712375,2.733024916
37,11988,162774,3646,10.0441,7.478,80909.83714,32851.80783,2052.040096,7.260700984,6.081959964,,2.011800176,2.740324928
38,12656,172333,3794,10.2324,7.576,86026.69671,34771.04252,2129.607777,7.342153125,6.122395896,,2.003254049,2.747320208
39,13343,182191,3944,10.4222,7.676,91321.64278,36748.20919,2207.996349,7.424185378,6.163225801,,1.995048231,2.754031409
40,14050,192349,4096,10.6134,7.777,96796.06865,38783.50381,2287.193114,7.506777106,6.204442029,,1.987159441,2.760477314
41,14775,202809,4250,10.8059,7.879,102451.3428,40877.11803,2367.185886,7.589908378,6.246037211,,1.979566571,2.766675042
42,15519,213573,4406,10.9996,7.983,108288.81,43029.23937,2447.962958,7.673559925,6.288004238,,1.972250444,2.772640234
43,16283,224641,4565,11.1946,8.087,114309.7923,45240.05143,2529.513069,7.757713108,6.330336245,,1.965193585,2.778387206
44,17066,236015,4725,11.3907,8.193,120515.5897,47509.73403,2611.82538,7.842349882,6.3730266,,1.958380039,2.783929093
45,17868,247697,4887,11.5879,8.300,126907.4815,49838.46338,2694.889448,7.927452769,6.416068885,,1.951795199,2.789277964
46,18689,259689,5051,11.7861,8.408,133486.7264,52226.41226,2778.695204,8.013004827,6.459456889,,1.945425671,2.794444932
47,19530,271990,5218,11.9853,8.517,140254.5641,54673.75012,2863.23293,8.098989624,6.503184592,,1.939259142,2.799440251
48,20391,284603,5386,12.1854,8.627,147212.2153,57180.64324,2948.49324,8.185391216,6.547246158,,1.933284272,2.80427339
49,21270,297529,5556,12.3864,8.738,154360.8827,59747.25487,3034.467063,8.272194121,6.591635923,,1.927490599,2.808953117
50,22170,310769,5727,12.5882,8.850,161701.7516,62373.7453,3121.145624,8.359383304,6.636348388,,1.921868452,2.813487556
51,23088,324325,5901,12.7908,8.963,169235.9906,65060.272,3208.520433,8.446944151,6.68137821,,1.916408877,2.817884251
52,24027,338198,6077,12.9941,9.077,176964.7518,67806.98975,3296.583264,8.534862455,6.726720191,,1.911103569,2.822150213
53,24985,352389,6254,13.1981,9.193,184889.1719,70614.05068,3385.326147,8.623124399,6.772369276,,1.905944814,2.826291972
54,25962,366898,6433,13.4027,9.309,193010.372,73481.60442,3474.741353,8.711716537,6.818320543,,1.900925434,2.830315611
55,26960,381728,6614,13.6078,9.426,201329.4589,76409.79814,3564.821384,8.800625785,6.864569198,,1.896038741,2.834226814
56,27977,396880,6797,13.8136,9.544,209847.5249,79398.77668,3655.55896,8.8898394,6.911110567,,1.891278497,2.838030887
57,29014,412354,6982,14.0198,9.663,218565.6486,82448.68258,3746.947009,8.979344972,6.957940094,,1.886638872,2.841732801
58,30070,428153,7168,14.2265,9.782,227484.895,85559.65622,3838.978659,9.069130412,7.005053332,,1.882114413,2.845337207
59,31147,444276,7357,14.4336,9.903,236606.3164,88731.83582,3931.64723,9.159183936,7.052445943,,1.87770001,2.848848472
60,32243,460725,7547,14.6411,10.025,245930.9523,91965.35756,4024.946221,9.249494058,7.100113687,,1.873390873,2.852270694
61,33359,477501,7738,14.8489,10.147,255459.8298,95260.35561,4118.869307,9.340049578,7.148052423,,1.869182504,2.855607725
62,34495,494605,7932,15.0570,10.271,265193.9644,98616.96222,4213.410328,9.430839572,7.196258104,,1.865070674,2.85886319
63,35651,512039,8127,15.2654,10.395,275134.3599,102035.3078,4308.563283,9.521853384,7.244726771,,1.861051404,2.8620405
64,36827,529803,8324,15.4740,10.520,285282.0086,105515.5208,4404.322327,9.613080617,7.293454552,,1.857120945,2.865142876
65,38023,547899,8522,15.6828,10.645,295637.8921,109057.7282,4500.681759,9.704511124,7.342437656,,1.853275763,2.868173352
66,39240,566326,8723,15.8918,10.772,306202.9813,112662.0549,4597.636019,9.796134999,7.391672374,,1.849512521,2.871134796
67,40476,585087,8925,16.1009,10.899,316978.2365,116328.6244,4695.179682,9.887942572,7.44115507,,1.845828065,2.87402992
68,41732,604183,9128,16.3101,11.028,327964.6081,120057.5585,4793.307456,9.9799244,7.490882185,,1.842219416,2.876861287
69,43009,623614,9334,16.5194,11.156,339163.0366,123848.9774,4892.014169,10.07207126,7.540850227,,1.83868375,2.879631326
70,44305,643381,9541,16.7287,11.286,350574.4526,127702.9999,4991.294773,10.16437415,7.591055775,,1.835218394,2.882342337
71,45622,663485,9749,16.9380,11.417,362199.7776,131619.7431,5091.144334,10.25682426,7.641495472,,1.831820812,2.884996504
72,46959,683928,9959,17.1473,11.548,374039.9238,135599.3229,5191.558031,10.349413,7.692166027,,1.828488599,2.887595897
73,48317,704710,10171,17.3565,11.680,386095.7946,139641.8534,5292.531148,10.44213197,7.743064208,,1.825219469,2.890142483
74,49694,725831,10385,17.5657,11.812,398368.2844,143747.4479,5394.059075,10.53497295,7.794186842,,1.822011251,2.892638133
75,51092,747294,10600,17.7748,11.945,410858.2792,147916.2178,5496.137302,10.62792792,7.845530815,,1.818861879,2.895084623
76,52510,769099,10816,17.9837,12.079,423566.6567,152148.2736,5598.761412,10.72098904,7.897093067,,1.815769386,2.897483648
77,53949,791247,11035,18.1925,12.214,436494.2863,156443.7243,5701.927086,10.81414863,7.948870591,,1.8127319,2.899836819
78,55408,813739,11254,18.4011,12.349,449642.0298,160802.6778,5805.630092,10.90739921,8.000860435,,1.809747635,2.902145672
79,56888,836575,11476,18.6095,12.485,463010.7406,165225.2405,5909.866287,11.00073344,8.053059693,,1.806814887,2.904411672
80,58388,859756,11699,18.8177,12.622,476601.2651,169711.5181,6014.631609,11.09414415,8.10546551,,1.803932031,2.906636219
81,59908,883284,11923,19.0257,12.759,490414.4417,174261.6147,6119.92208,11.18762433,8.158075078,,1.801097515,2.908820645
82,61449,907159,12149,19.2334,12.897,504451.1019,178875.6335,6225.733801,11.28116714,8.210885634,,1.798309854,2.910966228
83,63010,931383,12377,19.4408,13.035,518712.0697,183553.6766,6332.062948,11.37476585,8.26389446,,1.795567629,2.913074186
84,64592,955955,12606,19.6478,13.174,533198.1625,188295.8448,6438.905771,11.46841393,8.317098881,,1.792869483,2.915145684
85,66195,980877,12837,19.8546,13.313,547910.1905,193102.2383,6546.258592,11.56210495,8.370496263,,1.790214116,2.91718184
86,67818,1006149,13069,20.0610,13.454,562848.9572,197972.9557,6654.117804,11.65583264,8.424084013,,1.787600282,2.91918372
87,69462,1031773,13302,20.2671,13.594,578015.2597,202908.095,6762.479863,11.74959086,8.477859578,,1.785026788,2.921152349
88,71126,1057749,13538,20.4727,13.736,593409.8886,207907.7532,6871.341295,11.84337362,8.531820443,,1.78249249,2.923088707
89,72811,1084078,13774,20.6780,13.877,609033.6279,212972.026,6980.698686,11.93717503,8.58596413,,1.779996289,2.924993736
90,74517,1110760,14012,20.8828,14.020,624887.2557,218101.0086,7090.548686,12.03098936,8.640288197,,1.777537131,2.926868337
91,76243,1137798,14252,21.0872,14.162,640971.5439,223294.795,7200.888002,12.12481098,8.694790238,,1.775114005,2.928713377
92,77991,1165190,14493,21.2912,14.306,657287.2584,228553.4783,7311.713402,12.2186344,8.749467881,,1.772725936,2.930529688
93,79758,1192939,14736,21.4947,14.450,673835.1592,233877.1508,7423.021708,12.31245423,8.804318789,,1.770371989,2.932318068
94,81547,1221044,14980,21.6977,14.594,690616.0006,239265.9039,7534.809798,12.40626521,8.859340654,,1.768051266,2.934079287
95,83357,1249508,15225,21.9003,14.739,707630.5313,244719.8282,7647.074603,12.50006219,8.914531203,,1.765762901,2.935814082
96,85187,1278329,15472,22.1023,14.884,724879.4942,250239.0133,7759.813105,12.59384014,8.969888193,,1.763506059,2.937523165
97,87038,1307510,15721,22.3038,15.030,742363.627,255823.5483,7873.022338,12.68759413,9.025409411,,1.76127994,2.939207219
98,88910,1337051,15971,22.5047,15.176,760083.662,261473.5211,7986.699383,12.78131934,9.081092674,,1.759083769,2.940866903
99,90803,1366952,16222,22.7052,15.323,778040.3261,267189.0191,8100.841371,12.87501104,9.136935826,,1.756916802,2.942502851
100,92717,1397215,16475,22.9050,15.470,796234.3411,272970.1288,8215.445478,12.96866462,9.192936742,,1.754778319,2.944115674
101,94652,1427839,16729,23.1043,15.618,814666.4238,278816.936,8330.508926,13.06227558,9.249093322,,1.752667627,2.945705961
102,96608,1458827,16984,23.3030,15.766,833337.2859,284729.5258,8446.02898,13.15583948,9.305403493,,1.750584058,2.94727428
103,98584,1490178,17241,23.5011,15.914,852247.6343,290707.9824,8562.002949,13.24935202,9.361865209,,1.748526965,2.948821179
104,100582,1521893,17500,23.6986,16.063,871398.1708,296752.3895,8678.428184,13.34280896,9.41847645,,1.746495725,2.950347188
105,102601,1553973,17760,23.8955,16.212,890789.5927,302862.8299,8795.302076,13.43620617,9.47523522,,1.744489735,2.951852815
106,104641,1586419,18021,24.0918,16.361,910422.5925,309039.3859,8912.622056,13.52953961,9.532139546,,1.742508412,2.953338556
107,106702,1619231,18283,24.2874,16.511,930297.8582,315282.1389,9030.385595,13.62280532,9.589187482,,1.740551194,2.954804884
108,108783,1652410,18547,24.4824,16.662,950416.0733,321591.1699,9148.590201,13.71599943,9.646377102,,1.738617535,2.956252262
109,110886,1685957,18813,24.6768,16.812,970777.9166,327966.5589,9267.233418,13.80911815,9.703706507,,1.73670691,2.957681133
110,113010,1719872,19079,24.8705,16.963,991384.0627,334408.3856,9386.312827,13.90215779,9.761173816,,1.734818807,2.959091928
111,115156,1754156,19348,25.0635,17.115,1012235.182,340916.729,9505.826046,13.99511473,9.818777172,,1.732952733,2.960485062
112,117322,1788809,19617,25.2559,17.267,1033331.94,347491.6672,9625.770725,14.08798542,9.87651474,,1.731108211,2.96186094
113,119510,1823833,19888,25.4475,17.419,1054674.999,354133.278,9746.144548,14.18076641,9.934384704,,1.729284776,2.963219949
114,121718,1859228,20160,25.6385,17.571,1076265.017,360841.6385,9866.945233,14.27345431,9.992385271,,1.727481981,2.964562468
115,123948,1894995,20434,25.8288,17.724,1098102.647,367616.8252,9988.170528,14.36604582,10.05051467,,1.72569939,2.965888861
116,126199,1931134,20708,26.0184,17.877,1120188.539,374458.9139,10109.81822,14.4585377,10.10877114,,1.723936582,2.967199484
117,128472,1967646,20985,26.2073,18.030,1142523.338,381367.9801,10231.88611,14.55092678,10.16715294,,1.722193147,2.968494678
118,130766,2004531,21262,26.3955,18.183,1165107.687,388344.0985,10354.37204,14.64320998,10.22565837,,1.720468688,2.969774777
119,133080,2041791,21541,26.5829,18.337,1187942.223,395387.3434,10477.27389,14.73538428,10.28428573,,1.718762821,2.971040102
120,135417,2079425,21821,26.7696,18.491,1211027.58,402497.7884,10600.58955,14.82744672,10.34303333,,1.717075171,2.972290966
121,137774,2117435,22103,26.9556,18.646,1234364.39,409675.5067,10724.31696,14.91939442,10.40189951,,1.715405376,2.973527673
122,140153,2155821,22386,27.1409,18.800,1257953.278,416920.5709,10848.45406,15.01122455,10.46088264,,1.713753083,2.974750517
123,142553,2194584,22670,27.3254,18.955,1281794.868,424233.053,10972.99884,15.10293437,10.51998108,,1.712117949,2.975959783
124,144975,2233724,22955,27.5092,19.110,1305889.78,431613.0248,11097.94931,15.19452118,10.57919322,,1.710499642,2.977155749
125,147418,2273242,23242,27.6923,19.266,1330238.629,439060.5572,11223.3035,15.28598235,10.63851748,,1.708897838,2.978338684
126,149882,2313138,23530,27.8745,19.421,1354842.029,446575.7208,11349.05947,15.37731532,10.69795227,,1.707312223,2.97950885
127,152368,2353414,23820,28.0561,19.577,1379700.588,454158.5858,11475.2153,15.46851757,10.75749603,,1.705742492,2.980666501
128,154875,2394069,24110,28.2369,19.733,1404814.913,461809.2217,11601.7691,15.55958666,10.81714722,,1.704188345,2.981811883
129,157404,2435105,24402,28.4169,19.889,1430185.606,469527.6977,11728.719,15.65052019,10.87690431,,1.702649495,2.982945238
130,159954,2476521,24696,28.5962,20.046,1455813.265,477314.0824,11856.06316,15.74131584,10.93676578,,1.70112566,2.984066797
131,162526,2518319,24990,28.7746,20.202,1481698.488,485168.4441,11983.79976,15.83197131,10.99673014,,1.699616565,2.985176789
132,165119,2560499,25286,28.9524,20.359,1507841.867,493090.8505,12111.92699,15.92248439,11.0567959,,1.698121943,2.986275434
133,167734,2603062,25583,29.1293,20.516,1534243.992,501081.3689,12240.44308,16.0128529,11.11696159,,1.696641536,2.987362947
134,170370,2646008,25881,29.3055,20.673,1560905.449,509140.0662,12369.34626,16.10307473,11.17722575,,1.695175089,2.988439536
135,173028,2689338,26181,29.4809,20.831,1587826.821,517267.0088,12498.63481,16.1931478,11.23758694,,1.693722356,2.989505406
136,175707,2733052,26482,29.6556,20.988,1615008.689,525462.2626,12628.30701,16.28307011,11.29804374,,1.692283097,2.990560754
137,178408,2777151,26784,29.8294,21.146,1642451.63,533725.8934,12758.36116,16.37283968,11.35859473,,1.690857078,2.991605774
138,181130,2821636,27088,30.0025,21.303,1670156.219,542057.9661,12888.79559,16.4624546,11.4192385,,1.689444071,2.992640652
139,183874,2866506,27392,30.1748,21.461,1698123.027,550458.5456,13019.60864,16.55191299,11.47997367,,1.688043852,2.993665573
140,186640,2911763,27698,30.3463,21.619,1726352.623,558927.6961,13150.79867,16.64121304,11.54079886,,1.686656205,2.994680713
141,189428,2957408,28005,30.5171,21.778,1754845.573,567465.4817,13282.36407,16.73035296,11.60171271,,1.685280919,2.995686248
142,192237,3003440,28314,30.6870,21.936,1783602.439,576071.9658,13414.30324,16.81933103,11.66271387,,1.683917786,2.996682346
143,195067,3049860,28623,30.8562,22.094,1812623.782,584747.2117,13546.6146,16.90814556,11.723801,,1.682566605,2.997669173
144,197920,3096669,28934,31.0246,22.253,1841910.159,593491.2819,13679.29658,16.9967949,11.78497278,,1.68122718,2.998646889
145,200794,3143868,29246,31.1922,22.411,1871462.124,602304.2391,13812.34763,17.08527746,11.84622788,,1.679899319,2.999615651
146,203690,3191456,29560,31.3590,22.570,1901280.231,611186.145,13945.76623,17.17359167,11.90756502,,1.678582833,3.000575613
147,206607,3239435,29874,31.5250,22.729,1931365.027,620137.0614,14079.55086,17.26173603,11.96898289,,1.677277541,3.001526924
148,209547,3287805,30190,31.6903,22.888,1961717.059,629157.0496,14213.70004,17.34970904,12.03048022,,1.675983264,3.00246973
149,212508,3336566,30507,31.8547,23.047,1992336.873,638246.1704,14348.21227,17.43750929,12.09205573,,1.674699826,3.003404173
150,215490,3385719,30825,32.0184,23.206,2023225.009,647404.4844,14483.08609,17.52513536,12.15370819,,1.673427057,3.004330391
151,218495,3435265,31145,32.1813,23.365,2054382.006,656632.0518,14618.32006,17.61258591,12.21543632,,1.672164792,3.005248521
152,221522,3485204,31465,32.3434,23.524,2085808.401,665928.9324,14753.91274,17.69985961,12.27723891,,1.670912866,3.006158695
153,224570,3535536,31787,32.5048,23.683,2117504.727,675295.1857,14889.86272,17.78695518,12.33911472,,1.66967112,3.007061042
154,227640,3586263,32110,32.6653,23.842,2149471.517,684730.8709,15026.16859,17.87387137,12.40106255,,1.6684394,3.007955688
155,230732,3637384,32434,32.8251,24.002,2181709.299,694236.0469,15162.82896,17.96060696,12.46308118,,1.667217552,3.008842757
156,233846,3688900,32760,32.9841,24.161,2214218.6,703810.7721,15299.84246,18.04716079,12.52516943,,1.666005429,3.009722369
157,236981,3740812,33086,33.1423,24.320,2246999.945,713455.1046,15437.20773,18.13353171,12.58732611,,1.664802883,3.010594643
158,240139,3793120,33414,33.2997,24.480,2280053.855,723169.1024,15574.92343,18.21971861,12.64955005,,1.663609774,3.011459693
159,243319,3845824,33743,33.4564,24.639,2313380.85,732952.823,15712.98821,18.30572041,12.71184008,,1.662425961,3.012317631
160,246520,3898926,34073,33.6122,24.798,2346981.448,742806.3235,15851.40077,18.39153608,12.77419504,,1.661251309,3.013168569
161,249743,3952425,34405,33.7674,24.958,2380856.163,752729.6609,15990.15979,18.47716461,12.83661381,,1.660085684,3.014012613
162,252989,4006323,34737,33.9217,25.117,2415005.509,762722.8917,16129.26399,18.56260501,12.89909523,,1.658928955,3.014849869
163,256256,4060618,35071,34.0753,25.277,2449429.996,772786.0723,16268.71208,18.64785634,12.96163818,,1.657780995,3.015680439
164,259545,4115314,35406,34.2280,25.436,2484130.132,782919.2586,16408.5028,18.73291768,13.02424155,,1.656641678,3.016504425
165,262856,4170408,35742,34.3801,25.595,2519106.424,793122.5063,16548.63488,18.81778814,13.08690422,,1.655510882,3.017321924
166,266190,4225903,36079,34.5313,25.755,2554359.376,803395.8708,16689.1071,18.90246686,13.14962511,,1.654388487,3.018133034
167,269545,4281798,36418,34.6818,25.914,2589889.489,813739.4072,16829.91821,18.98695302,13.21240311,,1.653274375,3.018937849
168,272922,4338094,36757,34.8316,26.073,2625697.264,824153.1703,16971.067,19.07124581,13.27523715,,1.652168431,3.01973646
169,276322,4394792,37098,34.9805,26.233,2661783.199,834637.2146,17112.55226,19.15534445,13.33812616,,1.651070542,3.020528959
170,279743,4451892,37440,35.1287,26.392,2698147.788,845191.5945,17254.37279,19.23924821,13.40106907,,1.649980598,3.021315434
171,283186,4509394,37783,35.2762,26.551,2734791.527,855816.3637,17396.52742,19.32295636,13.46406482,,1.648898491,3.022095971
172,286652,4567299,38127,35.4229,26.710,2771714.905,866511.5761,17539.01496,19.4064682,13.52711237,,1.647824113,3.022870656
173,290140,4625607,38472,35.5689,26.869,2808918.414,877277.285,17681.83425,19.48978307,13.59021068,,1.646757362,3.023639571
174,293649,4684319,38819,35.7141,27.028,2846402.54,888113.5437,17824.98415,19.57290033,13.65335872,,1.645698134,3.024402798
175,297181,4743436,39166,35.8585,27.187,2884167.769,899020.4049,17968.4635,19.65581935,13.71655547,,1.644646331,3.025160418
176,300735,4802957,39515,36.0022,27.346,2922214.585,909997.9213,18112.27119,19.73853955,13.7797999,,1.643601853,3.025912507
177,304311,4862884,39865,36.1452,27.505,2960543.47,921046.1453,18256.40608,19.82106034,13.84309102,,1.642564605,3.026659143
178,307909,4923216,40216,36.2874,27.664,2999154.903,932165.1289,18400.86707,19.9033812,13.90642782,,1.641534492,3.0274004
179,311530,4983955,40568,36.4289,27.822,3038049.362,943354.924,18545.65306,19.98550158,13.96980931,,1.640511421,3.028136353
180,315172,5045100,40921,36.5697,27.981,3077227.324,954615.5823,18690.76296,20.06742099,14.03323451,,1.639495302,3.028867074
181,318837,5106652,41276,36.7097,28.139,3116689.262,965947.1549,18836.19568,20.14913896,14.09670244,,1.638486046,3.029592632
182,322524,5168612,41631,36.8490,28.298,3156435.65,977349.6931,18981.95016,20.23065501,14.16021213,,1.637483565,3.030313098
183,326234,5230979,41988,36.9876,28.456,3196466.957,988823.2476,19128.02533,20.31196873,14.22376263,,1.636487773,3.03102854
184,329965,5293755,42346,37.1254,28.614,3236783.653,1000367.869,19274.42015,20.39307969,14.28735297,,1.635498586,3.031739024
185,333719,5356940,42704,37.2625,28.772,3277386.204,1011983.608,19421.13355,20.47398749,14.3509822,,1.634515921,3.032444616
186,337495,5420534,43064,37.3989,28.930,3318275.076,1023670.514,19568.16453,20.55469177,14.4146494,,1.633539698,3.033145379
187,341293,5484538,43425,37.5346,29.088,3359450.731,1035428.638,19715.51203,20.63519217,14.47835362,,1.632569836,3.033841378
188,345113,5548952,43788,37.6696,29.245,3400913.632,1047258.029,19863.17506,20.71548835,14.54209393,,1.631606256,3.034532673
189,348956,5613777,44151,37.8039,29.403,3442664.239,1059158.736,20011.15261,20.79558,14.60586943,,1.630648884,3.035219325
190,352821,5679012,44515,37.9374,29.560,3484703.01,1071130.809,20159.44366,20.87546683,14.66967919,,1.629697641,3.035901394
191,356709,5744659,44881,38.0703,29.718,3527030.401,1083174.296,20308.04724,20.95514854,14.73352232,,1.628752456,3.036578938
192,360618,5810718,45248,38.2024,29.875,3569646.867,1095289.247,20456.96235,21.03462488,14.7973979,,1.627813254,3.037252015
193,364551,5877190,45615,38.3339,30.032,3612552.862,1107475.709,20606.18803,21.11389561,14.86130505,,1.626879964,3.037920681
194,368505,5944074,45984,38.4646,30.189,3655748.837,1119733.732,20755.72331,21.19296051,14.92524289,,1.625952517,3.038584991
195,372482,6011371,46354,38.5947,30.345,3699235.242,1132063.364,20905.56722,21.27181935,14.98921053,,1.625030841,3.039244999
196,376481,6079082,46725,38.7241,30.502,3743012.525,1144464.651,21055.71883,21.35047195,15.0532071,,1.624114871,3.039900758
197,380502,6147207,47097,38.8528,30.658,3787081.133,1156937.642,21206.17718,21.42891814,15.11723174,,1.623204539,3.040552322
198,384546,6215747,47470,38.9808,30.814,3831441.512,1169482.385,21356.94134,21.50715776,15.18128358,,1.622299779,3.041199741
199,388613,6284701,47844,39.1081,30.970,3876094.104,1182098.926,21508.01039,21.58519065,15.24536177,,1.621400527,3.041843066
200,392701,6354071,48220,39.2347,31.126,3921039.352,1194787.313,21659.38339,21.6630167,15.30946545,,1.62050672,3.042482346
201,396813,6423856,48596,39.3607,31.282,3966277.695,1207547.592,21811.05945,21.74063578,15.3735938,,1.619618295,3.04311763
202,400946,6494057,48974,39.4860,31.438,4011809.574,1220379.81,21963.03765,21.8180478,15.43774598,,1.618735191,3.043748967
203,405102,6564675,49352,39.6107,31.593,4057635.425,1233284.014,22115.3171,21.89525268,15.50192114,,1.617857348,3.044376402
204,409281,6635710,49732,39.7346,31.748,4103755.684,1246260.249,22267.8969,21.97225035,15.56611848,,1.616984707,3.044999983
205,413482,6707162,50113,39.8579,31.903,4150170.786,1259308.562,22420.77617,22.04904074,15.63033717,,1.616117208,3.045619754
206,417705,6779032,50494,39.9806,32.058,4196881.163,1272428.999,22573.95404,22.12562382,15.69457639,,1.615254796,3.046235761
207,421951,6851321,50877,40.1026,32.212,4243887.247,1285621.605,22727.42963,22.20199956,15.75883536,,1.614397412,3.046848047
208,426220,6924027,51261,40.2239,32.367,4291189.467,1298886.425,22881.20208,22.27816795,15.82311325,,1.613545003,3.047456656
209,430511,6997153,51646,40.3446,32.521,4338788.253,1312223.506,23035.27053,22.35412897,15.88740928,,1.612697513,3.04806163
210,434824,7070698,52032,40.4647,32.675,4386684.03,1325632.891,23189.63413,22.42988265,15.95172266,,1.611854889,3.04866301
211,439160,7144663,52419,40.5841,32.828,4434877.226,1339114.626,23344.29204,22.505429,16.01605261,,1.611017078,3.049260838
212,443519,7219048,52807,40.7028,32.982,4483368.263,1352668.756,23499.24341,22.58076806,16.08039834,,1.610184027,3.049855154
213,447900,7293854,53197,40.8209,33.135,4532157.564,1366295.325,23654.48743,22.65589988,16.14475909,,1.609355686,3.050445998
214,452304,7369080,53587,40.9384,33.288,4581245.552,1379994.377,23810.02325,22.73082451,16.20913408,,1.608532004,3.051033409
215,456730,7444728,53978,41.0553,33.441,4630632.646,1393765.957,23965.85008,22.80554203,16.27352256,,1.607712932,3.051617425
216,461179,7520798,54371,41.1715,33.594,4680319.264,1407610.109,24121.96708,22.88005252,16.33792377,,1.60689842,3.052198084
217,465651,7597289,54764,41.2872,33.746,4730305.825,1421526.875,24278.37346,22.95435606,16.40233695,,1.606088421,3.052775423
218,470145,7674204,55159,41.4022,33.898,4780592.743,1435516.301,24435.06841,23.02845277,16.46676136,,1.605282888,3.053349479
219,474662,7751541,55554,41.5165,34.050,4831180.433,1449578.429,24592.05113,23.10234275,16.53119627,,1.604481773,3.053920288
220,479201,7829301,55951,41.6303,34.202,4882069.31,1463713.303,24749.32085,23.17602613,16.59564092,,1.603685031,3.054487885
221,483763,7907486,56348,41.7435,34.353,4933259.783,1477920.965,24906.87678,23.24950304,16.66009461,,1.602892617,3.055052304
222,488348,7986094,56747,41.8560,34.504,4984752.265,1492201.459,25064.71813,23.32277363,16.72455658,,1.602104486,3.055613582
223,492955,8065127,57146,41.9679,34.655,5036547.165,1506554.828,25222.84414,23.39583806,16.78902614,,1.601320594,3.05617175
224,497585,8144584,57547,42.0793,34.806,5088644.89,1520981.113,25381.25403,23.46869648,16.85350256,,1.600540898,3.056726843
225,502238,8224467,57949,42.1900,34.956,5141045.847,1535480.358,25539.94706,23.54134907,16.91798513,,1.599765356,3.057278893
226,506913,8304775,58352,42.3002,35.106,5193750.442,1550052.604,25698.92246,23.61379601,16.98247315,,1.598993925,3.057827932
227,511611,8385510,58755,42.4097,35.256,5246759.079,1564697.895,25858.17948,23.68603749,17.04696591,,1.598226565,3.058373992
228,516332,8466670,59160,42.5187,35.406,5300072.161,1579416.271,26017.71737,23.75807372,17.11146272,,1.597463235,3.058917105
229,521075,8548258,59566,42.6271,35.555,5353690.09,1594207.775,26177.53541,23.82990489,17.17596289,,1.596703894,3.059457301
230,525842,8630272,59973,42.7349,35.704,5407613.265,1609072.447,26337.63285,23.90153123,17.24046574,,1.595948503,3.059994609
231,530631,8712714,60381,42.8421,35.853,5461842.088,1624010.331,26498.00896,23.97295296,17.30497057,,1.595197024,3.060529062
232,535442,8795584,60790,42.9488,36.002,5516376.955,1639021.466,26658.66302,24.04417031,17.36947671,,1.594449417,3.061060686
233,540277,8878882,61200,43.0549,36.150,5571218.263,1654105.894,26819.59431,24.11518353,17.4339835,,1.593705645,3.061589513
234,545134,8962609,61611,43.1604,36.298,5626366.408,1669263.656,26980.80211,24.18599286,17.49849026,,1.592965671,3.062115569
235,550014,9046764,62022,43.2653,36.446,5681821.785,1684494.794,27142.28572,24.25659857,17.56299633,,1.592229457,3.062638883
236,554917,9131349,62435,43.3697,36.593,5737584.787,1699799.346,27304.04443,24.3270009,17.62750105,,1.591496969,3.063159484
237,559843,9216363,62849,43.4735,36.740,5793655.806,1715177.355,27466.07754,24.39720014,17.69200377,,1.590768169,3.063677397
238,564791,9301808,63264,43.5768,36.887,5850035.232,1730628.86,27628.38436,24.46719657,17.75650383,,1.590043024,3.064192651
239,569762,9387683,63680,43.6795,37.033,5906723.457,1746153.902,27790.96419,24.53699045,17.8210006,,1.589321497,3.06470527
240,574757,9473988,64097,43.7817,37.180,5963720.867,1761752.521,27953.81634,24.6065821,17.88549343,,1.588603555,3.065215283
241,579773,9560725,64515,43.8833,37.326,6021027.852,1777424.756,28116.94015,24.6759718,17.94998169,,1.587889164,3.065722714
242,584813,9647893,64934,43.9844,37.471,6078644.797,1793170.649,28280.33493,24.74515986,18.01446473,,1.587178291,3.066227588
243,589876,9735493,65354,44.0849,37.617,6136572.088,1808990.237,28444,24.81414659,18.07894195,,1.586470903,3.066729931
244,594961,9823525,65775,44.1849,37.762,6194810.109,1824883.561,28607.9347,24.88293231,18.1434127,,1.585766967,3.067229767
245,600070,9911990,66197,44.2843,37.906,6253359.242,1840850.66,28772.13837,24.95151734,18.20787637,,1.585066452,3.067727121
246,605201,10000888,66620,44.3833,38.051,6312219.871,1856891.574,28936.61035,25.01990201,18.27233236,,1.584369326,3.068222017
247,610355,10090218,67044,44.4817,38.195,6371392.375,1873006.341,29101.34998,25.08808665,18.33678004,,1.583675558,3.068714477
248,615532,10179983,67469,44.5795,38.339,6430877.134,1889195,29266.35661,25.15607161,18.4012188,,1.582985117,3.069204526
249,620732,10270181,67895,44.6769,38.482,6490674.528,1905457.591,29431.6296,25.22385722,18.46564806,,1.582297974,3.069692186
250,625955,10360814,68322,44.7737,38.625,6550784.934,1921794.151,29597.1683,25.29144385,18.5300672,,1.581614097,3.07017748
251,631201,10451881,68750,44.8700,38.768,6611208.729,1938204.72,29762.97207,25.35883184,18.59447564,,1.580933458,3.070660431
252,636470,10543383,69179,44.9658,38.911,6671946.287,1954689.336,29929.04029,25.42602156,18.65887278,,1.580256028,3.07114106
253,641762,10635321,69609,45.0611,39.053,6732997.984,1971248.037,30095.37231,25.49301337,18.72325803,,1.579581778,3.071619389
254,647077,10727694,70040,45.1559,39.195,6794364.193,1987880.862,30261.96752,25.55980765,18.78763082,,1.578910679,3.072095439
255,652414,10820503,70472,45.2502,39.336,6856045.286,2004587.847,30428.82529,25.62640476,18.85199057,,1.578242704,3.072569232
256,657775,10913749,70905,45.3440,39.477,6918041.635,2021369.032,30595.945,25.6928051,18.9163367,,1.577577825,3.073040788
257,663159,11007431,71339,45.4373,39.618,6980353.611,2038224.454,30763.32605,25.75900904,18.98066863,,1.576916015,3.073510128
258,668565,11101551,71773,45.5301,39.759,7042981.582,2055154.151,30930.96781,25.82501698,19.04498581,,1.576257247,3.073977273
259,673995,11196107,72209,45.6224,39.899,7105925.916,2072158.16,31098.86968,25.8908293,19.10928767,,1.575601495,3.074442241
260,679447,11291102,72646,45.7142,40.039,7169186.983,2089236.518,31267.03106,25.95644641,19.17357365,,1.574948731,3.074905054
261,684923,11386534,73084,45.8055,40.178,7232765.147,2106389.263,31435.45136,26.02186871,19.2378432,,1.574298931,3.07536573
262,690422,11482405,73522,45.8963,40.317,7296660.774,2123616.432,31604.12996,26.0870966,19.30209576,,1.573652069,3.075824289
263,695944,11578715,73962,45.9867,40.456,7360874.228,2140918.062,31773.06629,26.15213049,19.36633078,,1.57300812,3.076280749
264,701488,11675464,74403,46.0765,40.595,7425405.873,2158294.19,31942.25975,26.21697079,19.43054773,,1.572367059,3.07673513
265,707056,11772652,74844,46.1659,40.733,7490256.072,2175744.852,32111.70976,26.28161793,19.49474606,,1.57172886,3.07718745
266,712647,11870279,75287,46.2549,40.870,7555425.186,2193270.086,32281.41573,26.34607232,19.55892523,,1.571093501,3.077637727
267,718261,11968347,75730,46.3433,41.008,7620913.575,2210869.927,32451.3771,26.41033439,19.62308471,,1.570460957,3.078085979
268,723898,12066855,76175,46.4313,41.145,7686721.6,2228544.412,32621.59328,26.47440456,19.68722398,,1.569831203,3.078532224
269,729559,12165804,76620,46.5188,41.282,7752849.618,2246293.578,32792.06371,26.53828326,19.7513425,,1.569204218,3.078976479
270,735242,12265194,77067,46.6059,41.418,7819297.987,2264117.461,32962.78781,26.60197093,19.81543975,,1.568579978,3.079418763
271,740948,12365026,77514,46.6925,41.554,7886067.065,2282016.096,33133.76502,26.66546801,19.87951521,,1.56795846,3.07985909
272,746678,12465299,77963,46.7787,41.690,7953157.207,2299989.519,33304.99479,26.72877492,19.94356838,,1.567339641,3.08029748
273,752430,12566014,78412,46.8644,41.825,8020568.768,2318037.767,33476.47655,26.79189213,20.00759873,,1.566723499,3.080733948
274,758206,12667171,78862,46.9496,41.960,8088302.103,2336160.876,33648.20975,26.85482006,20.07160576,,1.566110013,3.081168511
275,764005,12768771,79313,47.0344,42.094,8156357.564,2354358.879,33820.19384,26.91755918,20.13558896,,1.56549916,3.081601185
276,769827,12870814,79765,47.1188,42.229,8224735.503,2372631.814,33992.42827,26.98010993,20.19954783,,1.56489092,3.082031987
277,775672,12973300,80219,47.2027,42.362,8293436.272,2390979.716,34164.91249,27.04247275,20.26348188,,1.56428527,3.082460931
278,781541,13076230,80673,47.2862,42.496,8362460.222,2409402.619,34337.64597,27.10464812,20.32739061,,1.56368219,3.082888034
279,787432,13179604,81128,47.3692,42.629,8431807.702,2427900.559,34510.62817,27.16663649,20.39127352,,1.563081659,3.083313311
280,793347,13283422,81584,47.4518,42.762,8501479.06,2446473.572,34683.85855,27.22843831,20.45513013,,1.562483657,3.083736777
281,799285,13387685,82040,47.5340,42.894,8571474.645,2465121.691,34857.33658,27.29005406,20.51895996,,1.561888163,3.084158448
282,805246,13492392,82498,47.6157,43.026,8641794.803,2483844.952,35031.06173,27.35148419,20.58276251,,1.561295158,3.084578338
283,811231,13597545,82957,47.6970,43.158,8712439.881,2502643.389,35205.03347,27.41272917,20.64653733,,1.560704622,3.084996463
284,817238,13703144,83417,47.7779,43.289,8783410.224,2521517.037,35379.25129,27.47378947,20.71028392,,1.560116535,3.085412836
285,823269,13809188,83877,47.8584,43.420,8854706.175,2540465.931,35553.71465,27.53466557,20.77400183,,1.559530878,3.085827472
286,829323,13915678,84339,47.9384,43.550,8926328.08,2559490.105,35728.42305,27.59535793,20.83769057,,1.558947632,3.086240385
287,835400,14022615,84802,48.0181,43.680,8998276.279,2578589.592,35903.37596,27.65586704,20.90134969,,1.558366777,3.08665159
288,841501,14129998,85265,48.0973,43.810,9070551.116,2597764.429,36078.57289,27.71619336,20.96497872,,1.557788297,3.087061099
289,847625,14237829,85729,48.1761,43.939,9143152.932,2617014.647,36254.01331,27.77633737,21.0285772,,1.557212171,3.087468927
290,853772,14346107,86195,48.2545,44.068,9216082.065,2636340.283,36429.69672,27.83629956,21.09214469,,1.556638382,3.087875088
291,859942,14454833,86661,48.3325,44.197,9289338.857,2655741.368,36605.62263,27.89608041,21.15568071,,1.556066912,3.088279594
292,866136,14564007,87128,48.4101,44.325,9362923.644,2675217.938,36781.79052,27.95568039,21.21918484,,1.555497743,3.088682459
293,872353,14673629,87596,48.4873,44.453,9436836.766,2694770.025,36958.1999,28.0151,21.28265662,,1.554930857,3.089083696
294,878593,14783699,88065,48.5641,44.580,9511078.559,2714397.663,37134.85029,28.07433972,21.3460956,,1.554366237,3.089483318
295,884856,14894219,88535,48.6405,44.707,9585649.359,2734100.887,37311.74117,28.13340004,21.40950135,,1.553803866,3.089881338
296,891143,15005188,89006,48.7165,44.834,9660549.501,2753879.728,37488.87207,28.19228144,21.47287343,,1.553243727,3.090277767
297,897453,15116606,89478,48.7921,44.960,9735779.321,2773734.221,37666.2425,28.25098442,21.5362114,,1.552685803,3.09067262
298,903787,15228475,89951,48.8673,45.086,9811339.151,2793664.399,37843.85198,28.30950946,21.59951484,,1.552130076,3.091065907
299,910144,15340793,90424,48.9422,45.212,9887229.325,2813670.294,38021.70001,28.36785705,21.66278331,,1.551576532,3.091457641
300,916524,15453562,90899,49.0166,45.337,9963450.174,2833751.94,38199.78613,28.4260277,21.72601639,,1.551025153,3.091847835
301,922927,15566781,91375,49.0907,45.461,10040002.03,2853909.37,38378.10986,28.48402189,21.78921367,,1.550475924,3.092236499
302,929354,15680452,91851,49.1644,45.586,10116885.23,2874142.616,38556.67072,28.54184012,21.85237471,,1.549928829,3.092623647
303,935804,15794574,92328,49.2377,45.710,10194100.09,2894451.711,38735.46824,28.59948289,21.9154991,,1.549383851,3.093009289
304,942278,15909148,92807,49.3106,45.833,10271646.95,2914836.687,38914.50195,28.65695068,21.97858644,,1.548840975,3.093393437
305,948775,16024173,93286,49.3832,45.956,10349526.13,2935297.578,39093.77139,28.71424401,22.0416363,,1.548300186,3.093776102
306,955295,16139651,93766,49.4554,46.079,10427737.97,2955834.415,39273.27609,28.77136336,22.10464828,,1.547761469,3.094157296
307,961839,16255581,94247,49.5272,46.201,10506282.78,2976447.231,39453.01559,28.82830923,22.16762198,,1.547224808,3.09453703
308,968406,16371965,94729,49.5987,46.323,10585160.91,2997136.059,39632.98944,28.88508213,22.23055699,,1.546690188,3.094915314
309,974997,16488801,95212,49.6697,46.445,10664372.66,3017900.93,39813.19716,28.94168256,22.29345292,,1.546157596,3.09529216
310,981611,16606090,95695,49.7405,46.566,10743918.37,3038741.876,39993.63832,28.998111,22.35630936,,1.545627015,3.095667578
311,988249,16723834,96180,49.8109,46.687,10823798.36,3059658.929,40174.31246,29.05436798,22.41912593,,1.545098433,3.09604158
312,994910,16842031,96665,49.8809,46.807,10904012.95,3080652.121,40355.21912,29.11045398,22.48190223,,1.544571834,3.096414174
313,1001594,16960683,97152,49.9505,46.927,10984562.46,3101721.485,40536.35786,29.16636952,22.54463788,,1.544047204,3.096785373
314,1008302,17079789,97639,50.0198,47.047,11065447.22,3122867.051,40717.72824,29.22211508,22.60733248,,1.543524529,3.097155186
315,1015033,17199350,98127,50.0888,47.166,11146667.55,3144088.851,40899.32982,29.27769118,22.66998567,,1.543003796,3.097523623
316,1021788,17319367,98617,50.1574,47.285,11228223.77,3165386.917,41081.16214,29.33309832,22.73259705,,1.542484991,3.097890695
317,1028566,17439838,99107,50.2257,47.403,11310116.2,3186761.28,41263.22478,29.388337,22.79516624,,1.541968099,3.098256411
318,1035368,17560766,99597,50.2936,47.521,11392345.15,3208211.972,41445.51729,29.44340773,22.85769289,,1.541453109,3.098620781
319,1042193,17682149,100089,50.3612,47.639,11474910.94,3229739.024,41628.03925,29.498311,22.92017661,,1.540940006,3.098983816
320,1049042,17803989,100582,50.4284,47.756,11557813.9,3251342.466,41810.79022,29.55304733,22.98261703,,1.540428777,3.099345524
321,1055914,17926286,101076,50.4953,47.872,11641054.34,3273022.331,41993.76977,29.60761721,23.04501378,,1.53991941,3.099705915
322,1062810,18049039,101570,50.5619,47.989,11724632.57,3294778.649,42176.97748,29.66202116,23.10736651,,1.539411891,3.100064999
323,1069729,18172249,102066,50.6281,48.105,11808548.91,3316611.451,42360.41291,29.71625967,23.16967486,,1.538906208,3.100422785
324,1076672,18295917,102562,50.6940,48.220,11892803.67,3338520.767,42544.07565,29.77033325,23.23193845,,1.538402347,3.100779282
325,1083638,18420043,103059,50.7596,48.335,11977397.17,3360506.629,42727.96528,29.82424241,23.29415694,,1.537900298,3.1011345
326,1090628,18544626,103557,50.8248,48.450,12062329.73,3382569.068,42912.08137,29.87798764,23.35632997,,1.537400046,3.101488447
327,1097641,18669668,104056,50.8897,48.565,12147601.65,3404708.113,43096.42351,29.93156946,23.4184572,,1.53690158,3.101841132
328,1104678,18795169,104556,50.9543,48.678,12233213.24,3426923.795,43280.99128,29.98498836,23.48053826,,1.536404888,3.102192565
329,1111738,18921128,105057,51.0186,48.792,12319164.83,3449216.146,43465.78427,30.03824485,23.54257283,,1.535909958,3.102542753
330,1118823,19047546,105558,51.0826,48.905,12405456.71,3471585.194,43650.80207,30.09133944,23.60456054,,1.535416778,3.102891707
331,1125930,19174424,106061,51.1462,49.018,12492089.2,3494030.971,43836.04427,30.14427263,23.66650107,,1.534925336,3.103239433
332,1133061,19301762,106564,51.2095,49.130,12579062.61,3516553.506,44021.51047,30.19704491,23.72839407,,1.534435621,3.103585942
333,1140216,19429559,107069,51.2725,49.242,12666377.24,3539152.831,44207.20025,30.2496568,23.79023921,,1.53394762,3.103931241
334,1147395,19557817,107574,51.3352,49.354,12754033.41,3561828.973,44393.11322,30.3021088,23.85203615,,1.533461323,3.104275338
335,1154597,19686535,108080,51.3976,49.465,12842031.42,3584581.965,44579.24897,30.3544014,23.91378456,,1.532976719,3.104618242
336,1161822,19815714,108587,51.4596,49.575,12930371.58,3607411.835,44765.60711,30.40653512,23.97548411,,1.532493795,3.104959961
337,1169072,19945354,109094,51.5214,49.686,13019054.19,3630318.613,44952.18723,30.45851045,24.03713448,,1.532012541,3.105300504
338,1176344,20075456,109603,51.5829,49.795,13108079.57,3653302.33,45138.98895,30.51032789,24.09873534,,1.531532947,3.105639877
339,1183641,20206019,110113,51.6440,49.905,13197448.01,3676363.014,45326.01186,30.56198795,24.16028638,,1.531055,3.105978089
340,1190961,20337044,110623,51.7049,50.014,13287159.81,3699500.695,45513.25558,30.61349113,24.22178726,,1.530578691,3.106315149
341,1198305,20468531,111134,51.7654,50.123,13377215.29,3722715.403,45700.71972,30.66483792,24.28323768,,1.530104008,3.106651062
342,1205672,20600480,111647,51.8257,50.231,13467614.75,3746007.167,45888.40388,30.71602883,24.34463732,,1.529630942,3.106985838
343,1213064,20732892,112160,51.8857,50.339,13558358.48,3769376.017,46076.30769,30.76706435,24.40598587,,1.529159481,3.107319484
344,1220478,20865768,112674,51.9453,50.446,13649446.79,3792821.982,46264.43076,30.81794498,24.46728301,,1.528689615,3.107652008
345,1227917,20999106,113188,52.0047,50.553,13740879.99,3816345.09,46452.7727,30.86867123,24.52852844,,1.528221334,3.107983416
346,1235379,21132908,113704,52.0638,50.660,13832658.36,3839945.371,46641.33314,30.91924358,24.58972186,,1.527754628,3.108313716
347,1242865,21267173,114221,52.1226,50.766,13924782.21,3863622.855,46830.11169,30.96966254,24.65086296,,1.527289487,3.108642917
348,1250374,21401903,114738,52.1811,50.872,14017251.85,3887377.57,47019.10797,31.0199286,24.71195144,,1.526825901,3.108971024
349,1257908,21537097,115256,52.2394,50.977,14110067.56,3911209.544,47208.32162,31.07004226,24.77298701,,1.52636386,3.109298045
350,1265465,21672756,115775,52.2973,51.082,14203229.65,3935118.808,47397.75226,31.12000401,24.83396936,,1.525903353,3.109623987
351,1273045,21808879,116295,52.3550,51.187,14296738.42,3959105.389,47587.39952,31.16981435,24.8948982,,1.525444372,3.109948857
352,1280650,21945468,116816,52.4124,51.291,14390594.15,3983169.316,47777.26302,31.21947377,24.95577325,,1.524986907,3.110272663
353,1288278,22082522,117338,52.4695,51.395,14484797.15,4007310.618,47967.3424,31.26898275,25.0165942,,1.524530948,3.11059541
354,1295930,22220041,117860,52.5263,51.498,14579347.72,4031529.324,48157.63729,31.31834181,25.07736078,,1.524076486,3.110917107
355,1303605,22358026,118384,52.5829,51.601,14674246.14,4055825.461,48348.14732,31.36755142,25.1380727,,1.523623511,3.111237759
356,1311304,22496478,118908,52.6391,51.703,14769492.72,4080199.059,48538.87213,31.41661207,25.19872967,,1.523172015,3.111557373
357,1319028,22635396,119433,52.6952,51.806,14865087.74,4104650.145,48729.81136,31.46552427,25.25933142,,1.522721988,3.111875957
358,1326774,22774781,119959,52.7509,51.907,14961031.51,4129178.748,48920.96465,31.51428848,25.31987766,,1.52227342,3.112193516
359,1334545,22914632,120486,52.8064,52.009,15057324.3,4153784.896,49112.33163,31.56290521,25.38036813,,1.521826304,3.112510057
360,1342339,23054951,121014,52.8616,52.110,15153966.42,4178468.618,49303.91196,31.61137495,25.44080254,,1.521380629,3.112825586
361,1350158,23195737,121542,52.9165,52.210,15250958.16,4203229.94,49495.70528,31.65969817,25.50118063,,1.520936388,3.113140111
362,1358000,23336991,122072,52.9712,52.310,15348299.8,4228068.892,49687.71122,31.70787536,25.56150212,,1.520493571,3.113453637
363,1365865,23478713,122602,53.0256,52.410,15445991.65,4252985.501,49879.92944,31.75590701,25.62176674,,1.52005217,3.11376617
364,1373755,23620903,123133,53.0798,52.509,15544033.98,4277979.795,50072.35959,31.8037936,25.68197424,,1.519612175,3.114077718
365,1381668,23763562,123665,53.1337,52.608,15642427.08,4303051.801,50265.00132,31.85153562,25.74212434,,1.51917358,3.114388285
366,1389606,23906689,124198,53.1873,52.707,15741171.26,4328201.548,50457.85428,31.89913354,25.80221678,,1.518736374,3.114697878
367,1397567,24050286,124732,53.2407,52.805,15840266.78,4353429.064,50650.91813,31.94658785,25.86225131,,1.51830055,3.115006504
368,1405551,24194351,125266,53.2938,52.903,15939713.96,4378734.375,50844.19251,31.99389903,25.92222767,,1.5178661,3.115314167
369,1413560,24338887,125802,53.3467,53.000,16039513.05,4404117.509,51037.67709,32.04106756,25.9821456,,1.517433015,3.115620875
370,1421593,24483892,126338,53.3993,53.097,16139664.37,4429578.494,51231.37152,32.08809391,26.04200485,,1.517001286,3.115926632
371,1429649,24629367,126875,53.4517,53.193,16240168.19,4455117.357,51425.27546,32.13497856,26.10180517,,1.516570907,3.116231445
372,1437729,24775312,127413,53.5039,53.289,16341024.79,4480734.126,51619.38858,32.18172199,26.1615463,,1.516141868,3.11653532
373,1445833,24921728,127951,53.5557,53.385,16442234.47,4506428.827,51813.71053,32.22832468,26.22122801,,1.515714163,3.116838262
374,1453961,25068614,128491,53.6074,53.480,16543797.51,4532201.489,52008.24098,32.27478709,26.28085004,,1.515287782,3.117140277
375,1462113,25215972,129031,53.6588,53.575,16645714.18,4558052.137,52202.9796,32.32110971,26.34041215,,1.514862719,3.117441371
376,1470289,25363801,129573,53.7099,53.670,16747984.78,4583980.8,52397.92605,32.367293,26.3999141,,1.514438965,3.117741549
377,1478489,25512101,130115,53.7609,53.764,16850609.59,4609987.503,52593.08001,32.41333744,26.45935565,,1.514016513,3.118040816
378,1486712,25660873,130658,53.8115,53.858,16953588.89,4636072.275,52788.44113,32.45924349,26.51873657,,1.513595356,3.118339178
379,1494959,25810118,131202,53.8620,53.951,17056922.96,4662235.142,52984.00909,32.50501162,26.57805661,,1.513175485,3.118636642
380,1503231,25959834,131746,53.9122,54.044,17160612.08,4688476.13,53179.78357,32.55064231,26.63731555,,1.512756893,3.118933211
381,1511526,26110023,132292,53.9621,54.136,17264656.53,4714795.268,53375.76423,32.59613601,26.69651315,,1.512339573,3.119228891
382,1519845,26260685,132838,54.0119,54.228,17369056.6,4741192.58,53571.95075,32.6414932,26.75564918,,1.511923517,3.119523688
383,1528188,26411820,133385,54.0614,54.320,17473812.56,4767668.095,53768.34282,32.68671434,26.81472342,,1.511508719,3.119817606
384,1536555,26563428,133933,54.1106,54.412,17578924.7,4794221.837,53964.9401,32.73179989,26.87373564,,1.51109517,3.120110652
385,1544946,26715510,134482,54.1597,54.502,17684393.29,4820853.835,54161.74227,32.77675032,26.93268561,,1.510682864,3.12040283
386,1553361,26868065,135031,54.2085,54.593,17790218.6,4847564.115,54358.74903,32.82156608,26.99157311,,1.510271794,3.120694145
387,1561800,27021095,135582,54.2571,54.683,17896400.93,4874352.702,54555.96004,32.86624764,27.05039793,,1.509861952,3.120984602
388,1570262,27174599,136133,54.3054,54.773,18002940.54,4901219.624,54753.37499,32.91079546,27.10915984,,1.509453332,3.121274206
389,1578749,27328577,136685,54.3536,54.862,18109837.71,4928164.906,54950.99357,32.95520999,27.16785862,,1.509045927,3.121562963
390,1587260,27483030,137238,54.4015,54.951,18217092.71,4955188.575,55148.81545,32.99949168,27.22649407,,1.508639729,3.121850877
391,1595795,27637958,137792,54.4492,55.040,18324705.83,4982290.657,55346.84034,33.04364101,27.28506597,,1.508234732,3.122137953
392,1604353,27793361,138346,54.4966,55.128,18432677.34,5009471.178,55545.06792,33.08765841,27.3435741,,1.50783093,3.122424196
393,1612936,27949240,138902,54.5439,55.216,18541007.52,5036730.164,55743.49787,33.13154435,27.40201827,,1.507428315,3.122709611
394,1621542,28105594,139458,54.5909,55.303,18649696.63,5064067.641,55942.12988,33.17529927,27.46039825,,1.50702688,3.122994202
395,1630173,28262425,140015,54.6377,55.390,18758744.95,5091483.635,56140.96366,33.21892362,27.51871386,,1.50662662,3.123277975
396,1638828,28419731,140573,54.6843,55.477,18868152.76,5118978.172,56339.99889,33.26241787,27.57696487,,1.506227528,3.123560933
397,1647506,28577514,141132,54.7307,55.563,18977920.32,5146551.278,56539.23527,33.30578244,27.63515109,,1.505829597,3.123843082
398,1656209,28735774,141691,54.7769,55.649,19088047.91,5174202.978,56738.67249,33.3490178,27.69327233,,1.505432821,3.124124426
399,1664936,28894510,142252,54.8229,55.734,19198535.81,5201933.298,56938.31025,33.39212438,27.75132837,,1.505037194,3.124404969
400,1673686,29053724,142813,54.8686,55.820,19309384.28,5229742.265,57138.14825,33.43510264,27.80931903,,1.504642708,3.124684717
401,1682461,29213415,143375,54.9142,55.904,19420593.59,5257629.902,57338.18619,33.47795301,27.8672441,,1.504249358,3.124963674
402,1691260,29373584,143938,54.9595,55.989,19532164.01,5285596.237,57538.42377,33.52067593,27.9251034,,1.503857138,3.125241843
403,1700083,29534231,144501,55.0046,56.073,19644095.82,5313641.294,57738.86068,33.56327186,27.98289674,,1.503466041,3.125519231
404,1708930,29695356,145066,55.0496,56.156,19756389.29,5341765.099,57939.49665,33.60574123,28.04062391,,1.503076062,3.12579584
405,1717801,29856959,145631,55.0943,56.239,19869044.67,5369967.677,58140.33135,33.64808447,28.09828475,,1.502687193,3.126071675
406,1726696,30019041,146197,55.1388,56.322,19982062.25,5398249.054,58341.36452,33.69030202,28.15587905,,1.50229943,3.126346741
407,1735615,30181601,146764,55.1831,56.404,20095442.28,5426609.255,58542.59584,33.73239433,28.21340664,,1.501912767,3.126621042
408,1744558,30344641,147332,55.2272,56.487,20209185.05,5455048.305,58744.02503,33.77436182,28.27086733,,1.501527196,3.126894582
409,1753525,30508160,147900,55.2711,56.568,20323290.8,5483566.229,58945.6518,33.81620493,28.32826094,,1.501142713,3.127167365
410,1762516,30672158,148469,55.3149,56.649,20437759.82,5512163.052,59147.47585,33.85792409,28.38558729,,1.500759311,3.127439396
411,1771532,30836637,149040,55.3584,56.730,20552592.36,5540838.8,59349.4969,33.89951973,28.4428462,,1.500376985,3.127710678
412,1780571,31001595,149611,55.4017,56.811,20667788.7,5569593.497,59551.71466,33.94099228,28.50003749,,1.49999573,3.127981215
413,1789635,31167033,150182,55.4448,56.891,20783349.09,5598427.168,59754.12885,33.98234218,28.557161,,1.499615538,3.128251013
414,1798723,31332952,150755,55.4878,56.971,20899273.81,5627339.839,59956.73917,34.02356984,28.61421654,,1.499236405,3.128520074
415,1807834,31499352,151328,55.5305,57.050,21015563.11,5656331.534,60159.54535,34.06467569,28.67120395,,1.498858325,3.128788403
416,1816970,31666232,151902,55.5731,57.129,21132217.27,5685402.277,60362.54709,34.10566017,28.72812306,,1.498481293,3.129056004
417,1826131,31833594,152477,55.6154,57.208,21249236.53,5714552.094,60565.74413,34.14652368,28.78497369,,1.498105303,3.12932288
418,1835315,32001437,153053,55.6576,57.286,21366621.18,5743781.01,60769.13617,34.18726666,28.84175569,,1.497730349,3.129589036
419,1844523,32169762,153630,55.6996,57.364,21484371.47,5773089.048,60972.72294,34.22788953,28.89846888,,1.497356426,3.129854475
420,1853756,32338568,154207,55.7414,57.442,21602487.66,5802476.234,61176.50415,34.26839269,28.9551131,,1.496983529,3.130119202
421,1863012,32507857,154785,55.7830,57.519,21720970.01,5831942.591,61380.47954,34.30877658,29.0116882,,1.496611652,3.130383219
422,1872293,32677628,155364,55.8244,57.596,21839818.79,5861488.146,61584.64882,34.34904161,29.068194,,1.496240789,3.130646532
423,1881598,32847881,155944,55.8657,57.672,21959034.25,5891112.921,61789.01171,34.3891882,29.12463036,,1.495870937,3.130909143
424,1890927,33018617,156525,55.9067,57.748,22078616.67,5920816.941,61993.56795,34.42921675,29.18099711,,1.495502089,3.131171056
425,1900281,33189837,157106,55.9476,57.824,22198566.29,5950600.231,62198.31726,34.46912768,29.23729409,,1.495134241,3.131432276
426,1909658,33361539,157688,55.9883,57.899,22318883.37,5980462.815,62403.25936,34.50892141,29.29352117,,1.494767386,3.131692805
427,1919060,33533725,158271,56.0288,57.974,22439568.18,6010404.718,62608.39399,34.54859835,29.34967817,,1.49440152,3.131952647
428,1928486,33706394,158855,56.0692,58.049,22560620.98,6040425.962,62813.72087,34.5881589,29.40576496,,1.494036639,3.132211806
429,1937936,33879548,159440,56.1093,58.123,22682042.02,6070526.573,63019.23974,34.62760347,29.46178137,,1.493672736,3.132470286
430,1947410,34053185,160025,56.1493,58.197,22803831.56,6100706.575,63224.95032,34.66693247,29.51772727,,1.493309807,3.132728089
431,1956909,34227307,160611,56.1891,58.270,22925989.86,6130965.991,63430.85235,34.7061463,29.57360251,,1.492947847,3.132985221
432,1966431,34401914,161198,56.2288,58.344,23048517.17,6161304.845,63636.94556,34.74524537,29.62940693,,1.492586851,3.133241683
433,1975978,34577005,161786,56.2682,58.416,23171413.75,6191723.162,63843.22969,34.78423008,29.68514041,,1.492226814,3.13349748
434,1985550,34752581,162375,56.3075,58.489,23294679.87,6222220.966,64049.70446,34.82310084,29.74080279,,1.491867731,3.133752615
435,1995145,34928643,162964,56.3466,58.561,23418315.76,6252798.28,64256.36963,34.86185803,29.79639394,,1.491509598,3.134007091
436,2004765,35105190,163554,56.3856,58.633,23542321.7,6283455.127,64463.22492,34.90050207,29.85191371,,1.491152409,3.134260912
437,2014408,35282222,164145,56.4244,58.704,23666697.93,6314191.533,64670.27007,34.93903334,29.90736198,,1.49079616,3.134514081
438,2024077,35459741,164737,56.4630,58.775,23791444.71,6345007.52,64877.50482,34.97745225,29.96273859,,1.490440847,3.134766601
439,2033769,35637746,165329,56.5014,58.846,23916562.29,6375903.112,65084.92892,35.01575919,30.01804343,,1.490086464,3.135018476
440,2043486,35816237,165923,56.5397,58.916,24042050.93,6406878.332,65292.5421,35.05395455,30.07327635,,1.489733006,3.13526971
441,2053226,35995214,166517,56.5778,58.986,24167910.88,6437933.205,65500.3441,35.09203872,30.12843722,,1.48938047,3.135520304
442,2062992,36174679,167112,56.6157,59.056,24294142.4,6469067.754,65708.33467,35.1300121,30.18352591,,1.489028851,3.135770263
443,2072781,36354630,167707,56.6535,59.125,24420745.72,6500282.002,65916.51355,35.16787508,30.2385423,,1.488678144,3.13601959
444,2082595,36535069,168304,56.6911,59.194,24547721.12,6531575.973,66124.8805,35.20562804,30.29348625,,1.488328345,3.136268288
445,2092433,36715995,168901,56.7286,59.263,24675068.84,6562949.69,66333.43524,35.24327138,30.34835764,,1.487979448,3.13651636
446,2102295,36897409,169499,56.7659,59.331,24802789.13,6594403.176,66542.17753,35.28080547,30.40315635,,1.487631451,3.136763809
447,2112182,37079311,170098,56.8030,59.399,24930882.24,6625936.454,66751.10712,35.3182307,30.45788225,,1.487284347,3.137010639
448,2122093,37261701,170697,56.8400,59.466,25059348.42,6657549.549,66960.22376,35.35554746,30.51253522,,1.486938134,3.137256852
449,2132028,37444579,171298,56.8768,59.533,25188187.92,6689242.483,67169.52719,35.39275612,30.56711514,,1.486592806,3.137502452
450,2141987,37627946,171899,56.9134,59.600,25317401,6721015.279,67379.01716,35.42985707,30.62162189,,1.48624836,3.137747441
451,2151971,37811801,172501,56.9499,59.667,25446987.9,6752867.96,67588.69343,35.46685069,30.67605535,,1.48590479,3.137991823
452,2161979,37996146,173104,56.9863,59.733,25576948.87,6784800.549,67798.55575,35.50373735,30.73041541,,1.485562093,3.1382356
453,2172012,38180979,173707,57.0225,59.799,25707284.16,6816813.07,68008.60387,35.54051743,30.78470194,,1.485220265,3.138478776
454,2182069,38366303,174311,57.0585,59.864,25837994.02,6848905.545,68218.83755,35.57719131,30.83891484,,1.484879301,3.138721354
455,2192150,38552115,174917,57.0944,59.930,25969078.7,6881077.998,68429.25653,35.61375936,30.893054,,1.484539198,3.138963336
456,2202255,38738418,175522,57.1301,59.994,26100538.43,6913330.45,68639.86058,35.65022195,30.9471193,,1.48419995,3.139204725
457,2212385,38925210,176129,57.1657,60.059,26232373.48,6945662.926,68850.64946,35.68657946,31.00111064,,1.483861554,3.139445525
458,2222539,39112493,176736,57.2011,60.123,26364584.09,6978075.447,69061.62291,35.72283225,31.05502789,,1.483524006,3.139685738
459,2232718,39300267,177345,57.2364,60.187,26497170.5,7010568.037,69272.78069,35.7589807,31.10887097,,1.483187302,3.139925367
460,2242921,39488531,177953,57.2715,60.250,26630132.95,7043140.718,69484.12258,35.79502517,31.16263976,,1.482851438,3.140164415
461,2253148,39677286,178563,57.3065,60.314,26763471.71,7075793.514,69695.64832,35.83096602,31.21633415,,1.482516409,3.140402885
462,2263400,39866532,179174,57.3413,60.376,26897187,7108526.445,69907.35767,35.86680363,31.26995405,,1.482182212,3.140640779
463,2273676,40056270,179785,57.3760,60.439,27031279.08,7141339.536,70119.25041,35.90253836,31.32349935,,1.481848844,3.1408781
464,2283977,40246499,180397,57.4105,60.501,27165748.19,7174232.808,70331.32628,35.93817057,31.37696995,,1.481516299,3.141114852
465,2294301,40437220,181010,57.4449,60.563,27300594.57,7207206.284,70543.58505,35.97370062,31.43036576,,1.481184574,3.141351036
466,2304651,40628432,181623,57.4792,60.624,27435818.47,7240259.987,70756.0265,36.00912887,31.48368667,,1.480853666,3.141586655
467,2315024,40820137,182238,57.5133,60.686,27571420.13,7273393.939,70968.65037,36.04445568,31.53693258,,1.48052357,3.141821713
468,2325422,41012335,182853,57.5472,60.747,27707399.79,7306608.162,71181.45644,36.0796814,31.59010341,,1.480194282,3.142056211
469,2335845,41205025,183469,57.5810,60.807,27843757.7,7339902.679,71394.44448,36.1148064,31.64319905,,1.4798658,3.142290153
470,2346292,41398208,184085,57.6147,60.867,27980494.1,7373277.512,71607.61424,36.14983103,31.69621942,,1.479538118,3.142523541
471,2356763,41591883,184703,57.6482,60.927,28117609.23,7406732.683,71820.96551,36.18475564,31.74916442,,1.479211234,3.142756378
472,2367259,41786053,185321,57.6816,60.987,28255103.33,7440268.214,72034.49804,36.21958058,31.80203396,,1.478885144,3.142988666
473,2377779,41980715,185940,57.7149,61.046,28392976.65,7473884.128,72248.2116,36.25430622,31.85482795,,1.478559844,3.143220409
474,2388324,42175871,186560,57.7480,61.105,28531229.42,7507580.447,72462.10598,36.28893288,31.90754631,,1.47823533,3.143451607
475,2398893,42371521,187180,57.7810,61.164,28669861.88,7541357.192,72676.18093,36.32346093,31.96018894,,1.477911599,3.143682265
476,2409486,42567666,187801,57.8138,61.222,28808874.28,7575214.386,72890.43623,36.35789071,32.01275577,,1.477588647,3.143912384
477,2420104,42764304,188423,57.8465,61.280,28948266.86,7609152.051,73104.87166,36.39222257,32.0652467,,1.47726647,3.144141967
478,2430747,42961437,189046,57.8791,61.338,29088039.85,7643170.209,73319.48698,36.42645685,32.11766165,,1.476945066,3.144371017
479,2441414,43159065,189670,57.9115,61.395,29228193.49,7677268.881,73534.28197,36.4605939,32.17000055,,1.47662443,3.144599536
480,2452105,43357187,190294,57.9438,61.452,29368728.02,7711448.09,73749.2564,36.49463406,32.2222633,,1.476304559,3.144827526
481,2462821,43555805,190919,57.9760,61.509,29509643.69,7745707.857,73964.41005,36.52857766,32.27444984,,1.47598545,3.145054991
482,2473561,43754918,191545,58.0081,61.566,29650940.72,7780048.204,74179.7427,36.56242506,32.32656008,,1.475667099,3.145281931
483,2484326,43954526,192172,58.0400,61.622,29792619.36,7814469.153,74395.25413,36.59617658,32.37859394,,1.475349502,3.145508351
484,2495116,44154630,192799,58.0717,61.678,29934679.84,7848970.726,74610.9441,36.62983257,32.43055135,,1.475032657,3.145734251
485,2505929,44355230,193427,58.1034,61.733,30077122.4,7883552.944,74826.81241,36.66339337,32.48243223,,1.474716559,3.145959635
486,2516768,44556327,194056,58.1349,61.788,30219947.28,7918215.83,75042.85882,36.6968593,32.53423651,,1.474401206,3.146184506
487,2527631,44757919,194686,58.1663,61.843,30363154.72,7952959.403,75259.08313,36.7302307,32.58596412,,1.474086594,3.146408864
488,2538518,44960008,195316,58.1975,61.898,30506744.94,7987783.687,75475.4851,36.7635079,32.63761498,,1.47377272,3.146632713
489,2549430,45162594,195947,58.2287,61.952,30650718.18,8022688.703,75692.06453,36.79669124,32.68918903,,1.473459581,3.146856055
490,2560366,45365677,196579,58.2597,62.006,30795074.69,8057674.471,75908.82118,36.82978104,32.74068618,,1.473147173,3.147078892
491,2571327,45569257,197212,58.2906,62.060,30939814.69,8092741.015,76125.75486,36.86277764,32.79210639,,1.472835493,3.147301226
492,2582313,45773335,197845,58.3213,62.113,31084938.43,8127888.354,76342.86534,36.89568136,32.84344957,,1.472524537,3.14752306
493,2593323,45977909,198479,58.3519,62.167,31230446.12,8163116.511,76560.1524,36.92849252,32.89471567,,1.472214303,3.147744396
494,2604357,46182982,199114,58.3824,62.219,31376338.02,8198425.506,76777.61583,36.96121146,32.94590461,,1.471904788,3.147965237
495,2615416,46388553,199750,58.4128,62.272,31522614.34,8233815.361,76995.25541,36.9938385,32.99701634,,1.471595988,3.148185584
496,2626500,46594622,200386,58.4431,62.324,31669275.34,8269286.098,77213.07094,37.02637396,33.04805079,,1.471287899,3.148405439
497,2637608,46801189,201023,58.4732,62.376,31816321.23,8304837.737,77431.06219,37.05881816,33.0990079,,1.47098052,3.148624806
498,2648741,47008254,201661,58.5032,62.428,31963752.25,8340470.3,77649.22896,37.09117142,33.1498876,,1.470673847,3.148843685
499,2659898,47215819,202300,58.5331,62.479,32111568.63,8376183.808,77867.57104,37.12343406,33.20068985,,1.470367876,3.14906208
500,2671080,47423882,202939,58.5629,62.530,32259770.61,8411978.281,78086.08821,37.1556064,33.25141458,,1.470062605,3.149279991
